{
  "version": 1,
  "author": "Maria Eduarda L. Alencar",
  "editor": "wokwi",
  "parts": [
    { "type": "wokwi-breadboard-half", "id": "bb1", "top": 246.6, "left": -93.2, "attrs": {} },
    {
      "type": "board-esp32-devkit-c-v4",
      "id": "esp",
      "top": -20.86,
      "left": 13.3,
      "rotate": 90,
      "attrs": { "env": "micropython-20231227-v1.22.0" }
    },
    {
      "type": "wokwi-led",
      "id": "led1",
      "top": 188.4,
      "left": -44.2,
      "attrs": { "color": "red", "flip": "1" }
    },
    {
      "type": "wokwi-led",
      "id": "led2",
      "top": 188.4,
      "left": 42.2,
      "attrs": { "color": "green", "flip": "1" }
    },
    {
      "type": "wokwi-led",
      "id": "led3",
      "top": 188.4,
      "left": 129,
      "attrs": { "color": "yellow", "flip": "1" }
    },
    {
      "type": "wokwi-pushbutton-6mm",
      "id": "btn1",
      "top": 132.2,
      "left": 230.4,
      "attrs": { "color": "green" }
    },
    {
      "type": "wokwi-resistor",
      "id": "r1",
      "top": 330.35,
      "left": -57.6,
      "attrs": { "value": "65" }
    },
    {
      "type": "wokwi-resistor",
      "id": "r2",
      "top": 330.35,
      "left": 144,
      "attrs": { "value": "65" }
    },
    {
      "type": "wokwi-resistor",
      "id": "r3",
      "top": 330.35,
      "left": 38.4,
      "attrs": { "value": "65" }
    }
  ],
  "connections": [
    [ "esp:TX", "$serialMonitor:RX", "", [] ],
    [ "esp:RX", "$serialMonitor:TX", "", [] ],
    [ "r2:1", "bb1:23t.e", "", [ "$bb" ] ],
    [ "r2:2", "bb1:29t.e", "", [ "$bb" ] ],
    [ "r1:1", "bb1:2t.e", "", [ "$bb" ] ],
    [ "r1:2", "bb1:8t.e", "", [ "$bb" ] ],
    [ "r3:1", "bb1:12t.e", "", [ "$bb" ] ],
    [ "r3:2", "bb1:18t.e", "", [ "$bb" ] ],
    [ "led1:A", "r1:1", "red", [ "v0", "h-28.4" ] ],
    [ "led2:A", "r3:1", "green", [ "v0", "h-18.8" ] ],
    [ "led3:A", "r2:1", "yellow", [ "v0" ] ],
    [ "led1:A", "esp:14", "red", [ "v0", "h-28.4", "v-211.2", "h96" ] ],
    [ "r3:2", "esp:18", "green", [ "v-192", "h-30" ] ],
    [ "esp:GND.2", "bb1:tn.17", "black", [ "v9.6", "h-19.2", "v86.4" ] ],
    [ "esp:27", "r2:2", "yellow", [ "v-19.05", "h249.6", "v316.8" ] ],
    [ "btn1:2.r", "r2:2", "yellow", [ "h0.8", "v182.8" ] ],
    [ "led2:C", "btn1:1.r", "green", [ "v0", "h19.2", "v-67.2", "h192", "v-28.8" ] ],
    [ "led1:C", "btn1:2.l", "red", [ "v0", "h38.4", "v-86.4" ] ]
  ],
  "dependencies": {}
}